name,time/op (ns/op),±
Gol/512x512x500x1-16,2.97076E+10,7%
Gol/512x512x500x2-16,1.70552E+10,5%
Gol/512x512x500x3-16,1.49962E+10,11%
Gol/512x512x500x4-16,1.52172E+10,15%
