name,time/op (ns/op),±
Gol/512x512x500x1-16,1.66843E+10,11%
Gol/512x512x500x2-16,1.07045E+10,4%
Gol/512x512x500x3-16,7.07523E+09,6%
Gol/512x512x500x4-16,6.57264E+09,6%
Gol/512x512x500x5-16,5.46178E+09,2%
Gol/512x512x500x6-16,4.91573E+09,8%
Gol/512x512x500x7-16,4.58471E+09,8%
Gol/512x512x500x8-16,4.37705E+09,5%
